<?xml version="1.0" encoding="UTF-8"?>

<beans xmlns="http://www.springframework.org/schema/beans"

	xmlns:xsi="http://www.w3.org/2001/XMLSchema-instance"

	xsi:schemaLocation="http://www.springframework.org/schema/beans
https://www.springframework.org/schema/beans/spring-beans.xsd">

	<bean id="dateFormat" class="java.text.SimpleDateFormat">
		<constructor-arg value="dd/MM/yyyy"/>
	</bean>

	<bean id="emp1" class="com.example.demo.Employee">
		<property name="id" value="1"></property>
		<property name="name" value="Archana"></property>
		<property name="salary" value="40000"></property>
		<property name="department" ref="department1"></property>
		<property name="permanent" value="Full-Time"></property>
		<property name="dateOfBirth">
			<bean factory-bean="dateFormat" factory-method="parse">
				<constructor-arg value="04/09/1999" />
			</bean>
		</property>
		<property name="skill" ref="skill1"></property>

	</bean>

	<bean id="emp2" class="com.example.demo.Employee">
		<property name="id" value="2"></property>
		<property name="name" value="Vandana"></property>
		<property name="salary" value="50000"></property>
		<property name="department" ref="department2"></property>
		<property name="permanent" value="Full-Time"></property>
		<property name="dateOfBirth">
			<bean factory-bean="dateFormat" factory-method="parse">
				<constructor-arg value="20/10/1997" />
			</bean>
		</property>
		<property name="skill" ref="skill2"></property>

	</bean>

	<bean id="emp3" class="com.example.demo.Employee">
		<property name="id" value="3"></property>
		<property name="name" value="Shreya" />
		<property name="salary" value="40000" />
		<property name="department" ref="department3"></property>
		<property name="permanent" value="Full-Time"></property>
		<property name="dateOfBirth">
			<bean factory-bean="dateFormat" factory-method="parse">
				<constructor-arg value="07/04/1997" />
			</bean>
		</property>
		<property name="skill" ref="skill3"></property>
	</bean>
        
	
	

	<bean id="department1"
		class="com.example.demo.Department">

		<property name="id" value="100"></property>
		<property name="name" value="Full Stack Engineering"></property>

	</bean>

	<bean id="department2"
		class="com.example.demo.Department">

		<property name="id" value="200"></property>
		<property name="name" value="AIA"></property>

	</bean>

	<bean id="department3"
		class="com.example.demo.Department">

		<property name="id" value="300"></property>
		<property name="name" value="Cloud Computing"></property>

	</bean>
	<bean id="skill1" class="com.example.demo.Skill">
		<property name="id" value="10"></property>
		<property name="name" value="Coding"></property>
	</bean>

	<bean id="skill2" class="com.example.demo.Skill">
		<property name="id" value="20"></property>
		<property name="name" value="Hacking"></property>
	</bean>
	
	<bean id="skill3" class="com.example.demo.Skill">
		<property name="id" value="30"></property>
		<property name="name" value="Analyst"></property>
	</bean>

	<bean id="employeeList" class="java.util.ArrayList">
		<constructor-arg>
			<list>
				<ref bean="emp1"></ref>
				<ref bean="emp2"></ref>
				<ref bean="emp3"></ref>
				
			</list>
		</constructor-arg>
	</bean>

	<bean id="departmentList" class="java.util.ArrayList">
		<constructor-arg>
			<list>
				<ref bean="department1"></ref>
				<ref bean="department2"></ref>
				<ref bean="department3"></ref>

			</list>
		</constructor-arg>

	</bean>
</beans>